"Sitio","Region","Latitud","Longitud","Distancia hipocentral (km)","Intensidad","Escala","Autor","Calidad"
"Carolina del Principe","Antioquia","6.74","-75.29","286.61","5","EMS-98","","Insuficiente"
"Carolina del Principe","Antioquia","6.74","-75.29","286.61","5","MM","","Insuficiente"
"Caceres","Antioquia","7.61","-75.34","304.01","5","EMS-98","","Insuficiente"
"Caceres","Antioquia","7.61","-75.34","304.01","6","MM","","Insuficiente"
"Gomez Plata","Antioquia","6.69","-75.21","279.63","5","EMS-98","","Insuficiente"
"Gomez Plata","Antioquia","6.69","-75.21","279.63","5","MM","","Insuficiente"
"Heliconia","Antioquia","6.23","-75.74","336.05","6","EMS-98","","Aceptable"
"Heliconia","Antioquia","6.23","-75.74","336.05","6","MM","","Aceptable"
"La Ceja","Antioquia","6.04","-75.42","311.21","5","EMS-98","","Buena"
"La Ceja","Antioquia","6.04","-75.42","311.21","5","MM","","Buena"
"La Union","Antioquia","5.99","-75.35","306.54","5","EMS-98","","Insuficiente"
"La Union","Antioquia","5.99","-75.35","306.54","5","MM","","Insuficiente"
"Medellin","Antioquia","6.27","-75.58","319.97","5","EMS-98","","Buena"
"Medellin","Antioquia","6.27","-75.58","319.97","5","MM","","Buena"
"Narino","Antioquia","5.61","-75.19","308.15","5","EMS-98","","Insuficiente"
"Narino","Antioquia","5.61","-75.19","308.15","5","MM","","Insuficiente"
"Puerto Berrio","Antioquia","6.49","-74.4","214.48","6","EMS-98","","Buena"
"Puerto Berrio","Antioquia","6.49","-74.4","214.48","6","MM","","Buena"
"Remedios","Antioquia","7.03","-74.7","235.65","5","EMS-98","","Aceptable"
"Remedios","Antioquia","7.03","-74.7","235.65","6","MM","","Aceptable"
"San Rafael","Antioquia","6.28","-75.02","268.99","6","EMS-98","","Aceptable"
"San Rafael","Antioquia","6.28","-75.02","268.99","6","MM","","Aceptable"
"San Roque","Antioquia","6.49","-75.02","264.72","5","EMS-98","","Insuficiente"
"San Roque","Antioquia","6.49","-75.02","264.72","5","MM","","Insuficiente"
"Segovia","Antioquia","7.09","-74.71","237.18","5","EMS-98","","Aceptable"
"Segovia","Antioquia","7.09","-74.71","237.18","5","MM","","Aceptable"
"Sonson","Antioquia","5.72","-75.32","314.31","5","EMS-98","","Insuficiente"
"Sonson","Antioquia","5.72","-75.32","314.31","5","MM","","Insuficiente"
"Yolombo","Antioquia","6.6","-75.03","264.17","6","EMS-98","","Aceptable"
"Yolombo","Antioquia","6.6","-75.03","264.17","6","MM","","Aceptable"
"Yondo","Antioquia","7.07","-73.9","181.21","6","EMS-98","","Aceptable"
"Yondo","Antioquia","7.07","-73.9","181.21","6","MM","","Aceptable"
"Envigado","Antioquia","6.19","-75.59","625.78","3","EMS-98","","Aceptable"
"","Antioquia","6.18","-75.61","624.68","3","EMS-98","","Aceptable"
"Medellin","Antioquia","6.27","-75.58","634.45","3","EMS-98","","Buena"
"Medellin","Antioquia","6.27","-75.58","282.78","3","EMS-98","SGC-UN","Aceptable"
"Medellin","Antioquia","6.27","-75.58","282.78","3","MM","SGC-UN","Aceptable"
"El Santuario","Antioquia","6.14","-75.27","292.85","4","EMS-98","SGC-UN","Aceptable"
"El Santuario","Antioquia","6.14","-75.27","292.85","4","MM","SGC-UN","Aceptable"
"Santa Fe de Antioquia","Antioquia","6.55","-75.85","295.88","4","EMS-92","","Aceptable"
"Medellin","Antioquia","6.27","-75.58","325.96","4","EMS-98","SGC-UN","Aceptable"
"Medellin","Antioquia","6.27","-75.58","325.96","4","MM","SGC-UN","Aceptable"
"Abejorral","Antioquia","5.79","-75.43","208.36","5","EMS-98","SGC-UN","Insuficiente"
"Abejorral","Antioquia","5.79","-75.43","208.36","6","MM","SGC-UN","Sin dato"
"Abriaqui","Antioquia","6.65","-76.06","94.98","6","EMS-98","SGC-UN","Insuficiente"
"Abriaqui","Antioquia","6.65","-76.06","94.98","6","MM","SGC-UN","Sin dato"
"Amaga","Antioquia","6.04","-75.71","166.76","5","EMS-98","SGC-UN","Insuficiente"
"Amaga","Antioquia","6.04","-75.71","166.76","6","MM","SGC-UN","Sin dato"
"Andes","Antioquia","5.65","-75.89","187.73","5","EMS-98","SGC-UN","Insuficiente"
"Andes","Antioquia","5.65","-75.89","187.73","6","MM","SGC-UN","Sin dato"
"Anza","Antioquia","6.31","-75.86","134.55","5","EMS-98","SGC-UN","Insuficiente"
"Anza","Antioquia","6.31","-75.86","134.55","6","MM","SGC-UN","Sin dato"
"Apartado","Antioquia","7.89","-76.63","93.04","6","EMS-98","SGC-UN","Buena"
"Apartado","Antioquia","7.89","-76.63","93.04","7","MM","SGC-UN","Sin dato"
"Apartado","Antioquia","7.89","-76.63","93.04","8","MM","INGEOMINAS","Sin dato"
"Apartado","Antioquia","7.89","-76.63","93.04","8","MM","","Sin dato"
"Arboletes","Antioquia","8.88","-76.44","205.09","5","EMS-98","SGC-UN","Buena"
"Arboletes","Antioquia","8.88","-76.44","205.09","6","MM","SGC-UN","Sin dato"
"Barranquillita","Antioquia","7.57","-76.7","57.48","7","EMS-98","SGC-UN","Aceptable"
"Barranquillita","Antioquia","7.57","-76.7","57.48","8","MM","SGC-UN","Sin dato"
"Bejuquillo","Antioquia","7.36","-76.51","46.61","9","EMS-98","SGC-UN","Aceptable"
"Bejuquillo","Antioquia","7.36","-76.51","46.61","10","MM","SGC-UN","Sin dato"
"Bello","Antioquia","6.35","-75.59","156.61","6","EMS-98","SGC-UN","Insuficiente"
"Bello","Antioquia","6.35","-75.59","156.61","7","MM","SGC-UN","Sin dato"
"Betulia","Antioquia","6.11","-75.99","139.78","5","EMS-98","SGC-UN","Insuficiente"
"Betulia","Antioquia","6.11","-75.99","139.78","6","MM","SGC-UN","Sin dato"
"Buchado","Antioquia","6.4","-76.78","74.63","8","EMS-98","SGC-UN","Buena"
"Buchado","Antioquia","6.4","-76.78","74.63","9","MM","SGC-UN","Sin dato"
"Buritica","Antioquia","6.74","-75.91","105.84","5","EMS-98","SGC-UN","Insuficiente"
"Buritica","Antioquia","6.74","-75.91","105.84","6","MM","SGC-UN","Sin dato"
"Caicedo","Antioquia","6.42","-76","114.85","7","EMS-98","SGC-UN","Insuficiente"
"Caicedo","Antioquia","6.42","-76","114.85","8","MM","SGC-UN","Sin dato"
"Carepa","Antioquia","7.76","-76.64","79.26","6","EMS-98","SGC-UN","Buena"
"Carepa","Antioquia","7.76","-76.64","79.26","7","MM","SGC-UN","Sin dato"
"Carolina del Principe","Antioquia","6.74","-75.29","172.09","5","EMS-98","SGC-UN","Insuficiente"
"Carolina del Principe","Antioquia","6.74","-75.29","172.09","6","MM","SGC-UN","Sin dato"
"Canasgordas","Antioquia","6.78","-76.04","91.34","8","EMS-98","SGC-UN","Buena"
"Canasgordas","Antioquia","6.78","-76.04","91.34","9","MM","SGC-UN","Sin dato"
"Chigorodo","Antioquia","7.68","-76.67","69.64","7","EMS-98","SGC-UN","Aceptable"
"Chigorodo","Antioquia","7.68","-76.67","69.64","9","MM","","Sin dato"
"Chigorodo","Antioquia","7.68","-76.67","69.64","8","MM","SGC-UN","Sin dato"
"Chigorodo","Antioquia","7.68","-76.67","69.64","9","MM","INGEOMINAS","Sin dato"
"Concordia","Antioquia","6.06","-75.91","149.76","5","EMS-98","SGC-UN","Insuficiente"
"Concordia","Antioquia","6.06","-75.91","149.76","6","MM","SGC-UN","Sin dato"
"Copacabana","Antioquia","6.35","-75.56","159.25","5","EMS-98","SGC-UN","Insuficiente"
"Copacabana","Antioquia","6.35","-75.56","159.25","6","MM","SGC-UN","Sin dato"
"Dabeiba","Antioquia","6.99","-76.25","62.5","8","EMS-98","SGC-UN","Buena"
"Dabeiba","Antioquia","6.99","-76.25","62.5","9","MM","SGC-UN","Sin dato"
"Envigado","Antioquia","6.19","-75.59","166.33","6","EMS-98","SGC-UN","Aceptable"
"Envigado","Antioquia","6.19","-75.59","166.33","7","MM","SGC-UN","Sin dato"
"Frontino","Antioquia","6.78","-76.14","80.64","7","EMS-98","SGC-UN","Buena"
"Frontino","Antioquia","6.78","-76.14","80.64","8","MM","SGC-UN","Sin dato"
"Fuemia","Antioquia","6.85","-76.26","65.49","7","EMS-98","SGC-UN","Insuficiente"
"Fuemia","Antioquia","6.85","-76.26","65.49","7","MM","SGC-UN","Sin dato"
"Giraldo","Antioquia","6.7","-75.95","103.09","5","EMS-98","SGC-UN","Insuficiente"
"Giraldo","Antioquia","6.7","-75.95","103.09","6","MM","SGC-UN","Sin dato"
"Hispania","Antioquia","5.84","-75.88","170.36","5","EMS-98","SGC-UN","Aceptable"
"Hispania","Antioquia","5.84","-75.88","170.36","5","MM","SGC-UN","Sin dato"
"Jardin","Antioquia","5.61","-75.84","194.54","5","EMS-98","SGC-UN","Aceptable"
"Jardin","Antioquia","5.61","-75.84","194.54","6","MM","SGC-UN","Sin dato"
"La Isla","Antioquia","6.83","-76.68","31.42","10","EMS-98","","Aceptable"
"La Isla","Antioquia","6.83","-76.68","31.42","9","MM","","Sin dato"
"La Isla","Antioquia","6.83","-76.68","31.42","10","MM","INGEOMINAS","Sin dato"
"La Isla","Antioquia","6.83","-76.68","31.42","10","MM","SGC-UN","Sin dato"
"La Union","Antioquia","5.99","-75.35","200.94","5","EMS-98","SGC-UN","Insuficiente"
"La Union","Antioquia","5.99","-75.35","200.94","6","MM","SGC-UN","Sin dato"
"Medellin","Antioquia","6.27","-75.58","162.25","7","EMS-98","SGC-UN","Buena"
"Medellin","Antioquia","6.27","-75.58","162.25","7","MM","SGC-UN","Sin dato"
"Medellin","Antioquia","6.27","-75.58","162.25","7","MM","","Sin dato"
"Medellin","Antioquia","6.27","-75.58","162.25","7","MM","INGEOMINAS","Sin dato"
"Murindo","Antioquia","6.98","-76.77","14.52","10","EMS-98","","Buena"
"Murindo","Antioquia","6.98","-76.77","14.52","10","MM","INGEOMINAS","Sin dato"
"Murindo","Antioquia","6.98","-76.77","14.52","10","MM","SGC-UN","Sin dato"
"Murindo","Antioquia","6.98","-76.77","14.52","9","MM","","Sin dato"
"Murri","Antioquia","6.74","-76.36","61.86","7","EMS-98","SGC-UN","Insuficiente"
"Murri","Antioquia","6.74","-76.36","61.86","8","MM","SGC-UN","Sin dato"
"Mutata","Antioquia","7.26","-76.45","45.74","8","EMS-98","SGC-UN","Buena"
"Mutata","Antioquia","7.26","-76.45","45.74","8","MM","","Sin dato"
"Mutata","Antioquia","7.26","-76.45","45.74","9","MM","SGC-UN","Sin dato"
"Mutata","Antioquia","7.26","-76.45","45.74","8","MM","INGEOMINAS","Sin dato"
"Necocli","Antioquia","8.42","-76.78","150.2","6","EMS-98","SGC-UN","Aceptable"
"Necocli","Antioquia","8.42","-76.78","150.2","7","MM","INGEOMINAS","Sin dato"
"Necocli","Antioquia","8.42","-76.78","150.2","7","MM","SGC-UN","Sin dato"
"Necocli","Antioquia","8.42","-76.78","150.2","7","MM","","Sin dato"
"Olaya","Antioquia","6.63","-75.81","120.67","5","EMS-98","SGC-UN","Insuficiente"
"Olaya","Antioquia","6.63","-75.81","120.67","6","MM","SGC-UN","Sin dato"
"Pavarandocito","Antioquia","7.3","-76.53","40.68","9","EMS-98","SGC-UN","Insuficiente"
"Pavarandocito","Antioquia","7.3","-76.53","40.68","9","MM","SGC-UN","Sin dato"
"San Andres de Cuerquia","Antioquia","6.93","-75.69","124.59","6","EMS-98","SGC-UN","Aceptable"
"San Andres de Cuerquia","Antioquia","6.93","-75.69","124.59","7","MM","SGC-UN","Sin dato"
"San Juan de Uraba","Antioquia","8.79","-76.55","192.67","5","EMS-98","SGC-UN","Insuficiente"
"San Juan de Uraba","Antioquia","8.79","-76.55","192.67","6","MM","SGC-UN","Sin dato"
"San Pedro de Uraba","Antioquia","8.23","-76.38","137.11","5","EMS-98","SGC-UN","Insuficiente"
"San Pedro de Uraba","Antioquia","8.23","-76.38","137.11","6","MM","SGC-UN","Sin dato"
"Santa Fe de Antioquia","Antioquia","6.55","-75.85","121.27","6","EMS-98","SGC-UN","Aceptable"
"Santa Fe de Antioquia","Antioquia","6.55","-75.85","121.27","7","MM","SGC-UN","Sin dato"
"Santa Rosa de Osos","Antioquia","6.66","-75.45","157.12","6","EMS-98","SGC-UN","Insuficiente"
"Santa Rosa de Osos","Antioquia","6.66","-75.45","157.12","7","MM","SGC-UN","Sin dato"
"Santo Domingo","Antioquia","6.47","-75.18","192.02","5","EMS-98","SGC-UN","Insuficiente"
"Santo Domingo","Antioquia","6.47","-75.18","192.02","6","MM","SGC-UN","Sin dato"
"Titiribi","Antioquia","6.08","-75.8","156.8","5","EMS-98","SGC-UN","Aceptable"
"Titiribi","Antioquia","6.08","-75.8","156.8","6","MM","SGC-UN","Sin dato"
"Turbo","Antioquia","8.09","-76.73","113.93","5","EMS-98","SGC-UN","Insuficiente"
"Turbo","Antioquia","8.09","-76.73","113.93","6","MM","SGC-UN","Sin dato"
"Turbo","Antioquia","8.09","-76.73","113.93","7","MM","INGEOMINAS","Sin dato"
"Turbo","Antioquia","8.09","-76.73","113.93","7","MM","","Sin dato"
"Uramagrande","Antioquia","7.02","-76.16","71.95","8","EMS-98","SGC-UN","Aceptable"
"Uramagrande","Antioquia","7.02","-76.16","71.95","9","MM","SGC-UN","Sin dato"
"Urrao","Antioquia","6.33","-76.15","109.78","7","EMS-98","SGC-UN","Aceptable"
"Urrao","Antioquia","6.33","-76.15","109.78","8","MM","SGC-UN","Sin dato"
"Valparaiso","Antioquia","5.62","-75.63","206.99","5","EMS-98","SGC-UN","Insuficiente"
"Valparaiso","Antioquia","5.62","-75.63","206.99","6","MM","SGC-UN","Sin dato"
"Vegaez","Antioquia","6.2","-76.57","100.39","6","EMS-98","SGC-UN","Insuficiente"
"Vegaez","Antioquia","6.2","-76.57","100.39","8","MM","SGC-UN","Sin dato"
"Vigia del Fuerte","Antioquia","6.59","-76.89","55.34","8","EMS-98","SGC-UN","Aceptable"
"Vigia del Fuerte","Antioquia","6.59","-76.89","55.34","8","MM","SGC-UN","Sin dato"
"Yarumal","Antioquia","6.98","-75.4","155.89","5","EMS-98","SGC-UN","Insuficiente"
"Yarumal","Antioquia","6.98","-75.4","155.89","6","MM","SGC-UN","Sin dato"
"Medellin","Antioquia","6.27","-75.58","275.44","2","EMS-98","","Buena"
"Medellin","Antioquia","6.27","-75.58","275.44","2","MM","","Buena"
"Medellin","Antioquia","6.27","-75.58","275.44","4","Escala MSK","Espinosa Baquero, Armando","Sin dato"
"Abejorral","Antioquia","5.79","-75.43","180.3","8","EMS-98","SGC-UN","Buena"
"Abejorral","Antioquia","5.79","-75.43","180.3","7","MM","CERESIS","Sin dato"
"Abejorral","Antioquia","5.79","-75.43","180.3","8","MM","SGC-UN","Buena"
"Abejorral","Antioquia","5.79","-75.43","180.3","7","EMS-92","","Aceptable"
"Andes","Antioquia","5.65","-75.89","153.05","8","EMS-98","SGC-UN","Buena"
"Andes","Antioquia","5.65","-75.89","153.05","9","MM","SGC-UN","Buena"
"Andes","Antioquia","5.65","-75.89","153.05","7","MM","CERESIS","Sin dato"
"Andes","Antioquia","5.65","-75.89","153.05","7","EMS-92","","Aceptable"
"Armenia","Antioquia","6.17","-75.8","197.93","6","EMS-98","SGC-UN","Insuficiente"
"Armenia","Antioquia","6.17","-75.8","197.93","7","MM","SGC-UN","Insuficiente"
"Betania","Antioquia","5.75","-76","158.72","8","EMS-98","SGC-UN","Aceptable"
"Betania","Antioquia","5.75","-76","158.72","7","MM","CERESIS","Sin dato"
"Betania","Antioquia","5.75","-76","158.72","8","MM","SGC-UN","Aceptable"
"Betania","Antioquia","5.75","-76","158.72","7","EMS-92","","Aceptable"
"Betulia","Antioquia","6.11","-75.99","189.53","7","EMS-98","SGC-UN","Aceptable"
"Betulia","Antioquia","6.11","-75.99","189.53","8","MM","SGC-UN","Aceptable"
"Caramanta","Antioquia","5.55","-75.65","153.59","8","EMS-98","SGC-UN","Insuficiente"
"Caramanta","Antioquia","5.55","-75.65","153.59","8","MM","SGC-UN","Insuficiente"
"Ciudad Bolivar","Antioquia","5.86","-76.05","167.47","8","EMS-98","SGC-UN","Aceptable"
"Ciudad Bolivar","Antioquia","5.86","-76.05","167.47","7","MM","CERESIS","Sin dato"
"Ciudad Bolivar","Antioquia","5.86","-76.05","167.47","8","MM","SGC-UN","Aceptable"
"Ciudad Bolivar","Antioquia","5.86","-76.05","167.47","7","EMS-92","","Aceptable"
"Donmatias","Antioquia","6.5","-75.4","240.03","5","EMS-98","SGC-UN","Insuficiente"
"Donmatias","Antioquia","6.5","-75.4","240.03","6","MM","SGC-UN","Insuficiente"
"El Carmen de Viboral","Antioquia","6.09","-75.34","207.23","5","EMS-98","SGC-UN","Insuficiente"
"El Carmen de Viboral","Antioquia","6.09","-75.34","207.23","6","MM","SGC-UN","Insuficiente"
"Envigado","Antioquia","6.19","-75.59","205.59","7","EMS-98","SGC-UN","Insuficiente"
"Envigado","Antioquia","6.19","-75.59","205.59","7","MM","SGC-UN","Insuficiente"
"Fredonia","Antioquia","5.93","-75.67","181.11","6","EMS-98","SGC-UN","Aceptable"
"Fredonia","Antioquia","5.93","-75.67","181.11","6","MM","SGC-UN","Aceptable"
"Girardota","Antioquia","6.39","-75.46","228.13","6","EMS-98","SGC-UN","Aceptable"
"Girardota","Antioquia","6.39","-75.46","228.13","7","MM","SGC-UN","Aceptable"
"Guatape","Antioquia","6.25","-75.17","229.44","6","EMS-98","SGC-UN","Insuficiente"
"Guatape","Antioquia","6.25","-75.17","229.44","7","MM","SGC-UN","Insuficiente"
"Hispania","Antioquia","5.84","-75.88","168.14","8","EMS-98","SGC-UN","Aceptable"
"Hispania","Antioquia","5.84","-75.88","168.14","8","MM","SGC-UN","Aceptable"
"Jardin","Antioquia","5.61","-75.84","151.36","8","EMS-98","SGC-UN","Buena"
"Jardin","Antioquia","5.61","-75.84","151.36","7","MM","CERESIS","Sin dato"
"Jardin","Antioquia","5.61","-75.84","151.36","6","MM","CERESIS","Sin dato"
"Jardin","Antioquia","5.61","-75.84","151.36","8","MM","CERESIS","Sin dato"
"Jardin","Antioquia","5.61","-75.84","151.36","9","MM","SGC-UN","Buena"
"Jardin","Antioquia","5.61","-75.84","151.36","7","EMS-92","","Aceptable"
"Jardin","Antioquia","5.61","-75.84","151.36","8","Escala MSK","James, Michael","Sin dato"
"Jerico","Antioquia","5.81","-75.77","168.24","7","EMS-98","SGC-UN","Aceptable"
"Jerico","Antioquia","5.81","-75.77","168.24","7","MM","SGC-UN","Aceptable"
"La Ceja","Antioquia","6.04","-75.42","199.98","6","EMS-98","SGC-UN","Insuficiente"
"La Ceja","Antioquia","6.04","-75.42","199.98","6","MM","SGC-UN","Insuficiente"
"Marinilla","Antioquia","6.18","-75.34","215.15","6","EMS-98","SGC-UN","Insuficiente"
"Marinilla","Antioquia","6.18","-75.34","215.15","6","MM","SGC-UN","Insuficiente"
"Medellin","Antioquia","6.27","-75.58","213.23","7","EMS-98","SGC-UN","Buena"
"Medellin","Antioquia","6.27","-75.58","213.23","7","MM","","Sin dato"
"Medellin","Antioquia","6.27","-75.58","213.23","7","MM","SGC-UN","Buena"
"Medellin","Antioquia","6.27","-75.58","213.23","7","MM","CERESIS","Sin dato"
"Medellin","Antioquia","6.27","-75.58","213.23","8","MM","CERESIS","Sin dato"
"Medellin","Antioquia","6.27","-75.58","213.23","7","EMS-92","","Aceptable"
"Mesopotamia","Antioquia","5.88","-75.32","192.84","7","EMS-98","SGC-UN","Aceptable"
"Mesopotamia","Antioquia","5.88","-75.32","192.84","7","MM","SGC-UN","Aceptable"
"Pueblorrico","Antioquia","5.81","-75.82","167.02","8","EMS-98","SGC-UN","Buena"
"Pueblorrico","Antioquia","5.81","-75.82","167.02","8","MM","SGC-UN","Buena"
"Pueblorrico","Antioquia","5.81","-75.82","167.02","7","MM","CERESIS","Sin dato"
"Pueblorrico","Antioquia","5.81","-75.82","167.02","7","EMS-92","","Aceptable"
"Retiro","Antioquia","6.06","-75.51","197.6","7","EMS-98","SGC-UN","Aceptable"
"Retiro","Antioquia","6.06","-75.51","197.6","7","MM","SGC-UN","Aceptable"
"Salgar","Antioquia","5.96","-75.96","176.7","7","EMS-98","SGC-UN","Aceptable"
"Salgar","Antioquia","5.96","-75.96","176.7","7","MM","SGC-UN","Aceptable"
"San Jeronimo","Antioquia","6.45","-75.72","225.69","5","EMS-98","SGC-UN","Insuficiente"
"San Jeronimo","Antioquia","6.45","-75.72","225.69","6","MM","SGC-UN","Insuficiente"
"Santa Barbara","Antioquia","5.87","-75.57","179.76","8","EMS-98","SGC-UN","Buena"
"Santa Barbara","Antioquia","5.87","-75.57","179.76","7","MM","CERESIS","Sin dato"
"Santa Barbara","Antioquia","5.87","-75.57","179.76","8","MM","SGC-UN","Buena"
"Santa Barbara","Antioquia","5.87","-75.57","179.76","7","EMS-92","","Aceptable"
"Santa Fe de Antioquia","Antioquia","6.55","-75.85","232.37","6","EMS-98","SGC-UN","Buena"
"Santa Fe de Antioquia","Antioquia","6.55","-75.85","232.37","7","MM","SGC-UN","Buena"
"Sonson","Antioquia","5.72","-75.32","181.3","8","EMS-98","SGC-UN","Buena"
"Sonson","Antioquia","5.72","-75.32","181.3","6","MM","CERESIS","Sin dato"
"Sonson","Antioquia","5.72","-75.32","181.3","7","MM","CERESIS","Sin dato"
"Sonson","Antioquia","5.72","-75.32","181.3","9","MM","SGC-UN","Buena"
"Sonson","Antioquia","5.72","-75.32","181.3","7","EMS-92","","Aceptable"
"Titiribi","Antioquia","6.08","-75.8","190.17","7","EMS-98","SGC-UN","Insuficiente"
"Titiribi","Antioquia","6.08","-75.8","190.17","8","MM","SGC-UN","Insuficiente"
"Tamesis","Antioquia","5.67","-75.73","159.11","8","EMS-98","SGC-UN","Buena"
"Tamesis","Antioquia","5.67","-75.73","159.11","8","MM","SGC-UN","Buena"
"Tamesis","Antioquia","5.67","-75.73","159.11","7","MM","CERESIS","Sin dato"
"Tamesis","Antioquia","5.67","-75.73","159.11","7","EMS-92","","Aceptable"
"Urrao","Antioquia","6.33","-76.15","208.91","7","EMS-98","SGC-UN","Aceptable"
"Urrao","Antioquia","6.33","-76.15","208.91","7","MM","SGC-UN","Aceptable"
"Valparaiso","Antioquia","5.62","-75.63","159.43","8","EMS-98","SGC-UN","Buena"
"Valparaiso","Antioquia","5.62","-75.63","159.43","8","MM","SGC-UN","Buena"
"Valparaiso","Antioquia","5.62","-75.63","159.43","7","MM","CERESIS","Sin dato"
"Valparaiso","Antioquia","5.62","-75.63","159.43","7","EMS-92","","Aceptable"
"Venecia","Antioquia","5.97","-75.74","182.26","5","EMS-98","SGC-UN","Insuficiente"
"Venecia","Antioquia","5.97","-75.74","182.26","6","MM","SGC-UN","Insuficiente"
"Apartado","Antioquia","7.89","-76.63","83.88","7","EMS-98","","Buena"
"Apartado","Antioquia","7.89","-76.63","83.88","8","MM","SGC-UN","Buena"
"Apartado","Antioquia","7.89","-76.63","83.88","7","MM","CERESIS","Sin dato"
"Chigorodo","Antioquia","7.68","-76.67","72.72","7","EMS-98","","Buena"
"Chigorodo","Antioquia","7.68","-76.67","72.72","7","MM","CERESIS","Sin dato"
"Chigorodo","Antioquia","7.68","-76.67","72.72","8","MM","SGC-UN","Buena"
"Dabeiba","Antioquia","6.99","-76.25","47.84","6","EMS-98","SGC-UN","Insuficiente"
"Dabeiba","Antioquia","6.99","-76.25","47.84","7","MM","SGC-UN","Insuficiente"
"Dabeiba","Antioquia","6.99","-76.25","47.84","8","MM","CERESIS","Sin dato"
"Medellin","Antioquia","6.27","-75.58","137.03","5","EMS-98","SGC-UN","Buena"
"Medellin","Antioquia","6.27","-75.58","137.03","6","MM","CERESIS","Sin dato"
"Medellin","Antioquia","6.27","-75.58","137.03","6","MM","SGC-UN","Buena"
"Necocli","Antioquia","8.42","-76.78","140.34","6","EMS-98","SGC-UN","Insuficiente"
"Necocli","Antioquia","8.42","-76.78","140.34","6","MM","SGC-UN","Insuficiente"
"Turbo","Antioquia","8.09","-76.73","107.6","6","EMS-98","SGC-UN","Aceptable"
"Turbo","Antioquia","8.09","-76.73","107.6","6","MM","CERESIS","Sin dato"
"Turbo","Antioquia","8.09","-76.73","107.6","6","MM","SGC-UN","Aceptable"
"Apartado","Antioquia","7.89","-76.63","174.87","5","EMS-98","SGC-UN","Aceptable"
"Apartado","Antioquia","7.89","-76.63","174.87","6","MM","SGC-UN","Aceptable"
"Medellin","Antioquia","6.27","-75.58","306.72","5","EMS-98","SGC-UN","Buena"
"Medellin","Antioquia","6.27","-75.58","306.72","6","MM","CERESIS","Sin dato"
"Medellin","Antioquia","6.27","-75.58","306.72","5","MM","SGC-UN","Buena"
"Turbo","Antioquia","8.09","-76.73","173.66","5","EMS-98","SGC-UN","Aceptable"
"Turbo","Antioquia","8.09","-76.73","173.66","6","MM","SGC-UN","Aceptable"
"Jerico","Antioquia","5.81","-75.77","407.55","4","EMS-98","SGC-UN","Insuficiente"
"Jerico","Antioquia","5.81","-75.77","407.55","4","MM","SGC-UN","Insuficiente"
"Medellin","Antioquia","6.27","-75.58","373.77","4","EMS-98","SGC-UN","Aceptable"
"Medellin","Antioquia","6.27","-75.58","373.77","4","MM","Sarria Molina, Alberto","Sin dato"
"Medellin","Antioquia","6.27","-75.58","373.77","4","MM","SGC-UN","Aceptable"
"Medellin","Antioquia","6.27","-75.58","373.77","4","MM","CERESIS","Sin dato"
"Sonson","Antioquia","5.72","-75.32","371.47","4","EMS-98","SGC-UN","Insuficiente"
"Sonson","Antioquia","5.72","-75.32","371.47","4","MM","SGC-UN","Insuficiente"
"Apartado","Antioquia","7.89","-76.63","209.63","6","EMS-98","SGC-UN","Aceptable"
"Apartado","Antioquia","7.89","-76.63","209.63","7","MM","SGC-UN","Aceptable"
"Apartado","Antioquia","7.89","-76.63","209.63","5","MM","CERESIS","Sin dato"
"Chigorodo","Antioquia","7.68","-76.67","187.24","5","MM","CERESIS","Sin dato"
"Dabeiba","Antioquia","6.99","-76.25","163.3","6","EMS-98","SGC-UN","Aceptable"
"Dabeiba","Antioquia","6.99","-76.25","163.3","7","MM","SGC-UN","Aceptable"
"Dabeiba","Antioquia","6.99","-76.25","163.3","5","MM","CERESIS","Sin dato"
"Medellin","Antioquia","6.27","-75.58","212.64","4","EMS-98","SGC-UN","Aceptable"
"Medellin","Antioquia","6.27","-75.58","212.64","4","MM","SGC-UN","Aceptable"
"Medellin","Antioquia","6.27","-75.58","212.64","4","MM","CERESIS","Sin dato"
"Murindo","Antioquia","6.98","-76.77","117.97","6","EMS-98","SGC-UN","Aceptable"
"Murindo","Antioquia","6.98","-76.77","117.97","7","MM","SGC-UN","Aceptable"
"Mutata","Antioquia","7.26","-76.45","165.15","5","MM","CERESIS","Sin dato"
"Turbo","Antioquia","8.09","-76.73","225.59","4","MM","CERESIS","Sin dato"
"Turbo","Antioquia","8.09","-76.73","225.59","5","MM","CERESIS","Sin dato"
"Abejorral","Antioquia","5.79","-75.43","138.78","7","EMS-98","SGC-UN","Buena"
"Abejorral","Antioquia","5.79","-75.43","138.78","8","MM","SGC-UN","Buena"
"Alfonso Lopez","Antioquia","5.89","-75.95","111.6","6","EMS-98","SGC-UN","Insuficiente"
"Alfonso Lopez","Antioquia","5.89","-75.95","111.6","7","MM","SGC-UN","Insuficiente"
"Altamira","Antioquia","6.22","-75.95","140.18","7","EMS-98","SGC-UN","Aceptable"
"Altamira","Antioquia","6.22","-75.95","140.18","7","MM","SGC-UN","Aceptable"
"Amaga","Antioquia","6.04","-75.71","135.9","7","EMS-98","SGC-UN","Buena"
"Amaga","Antioquia","6.04","-75.71","135.9","7","MM","SGC-UN","Buena"
"Andes","Antioquia","5.65","-75.89","97.79","6","EMS-98","SGC-UN","Insuficiente"
"Andes","Antioquia","5.65","-75.89","97.79","6","MM","SGC-UN","Insuficiente"
"Angelopolis","Antioquia","6.12","-75.72","141.67","8","EMS-98","SGC-UN","Aceptable"
"Angelopolis","Antioquia","6.12","-75.72","141.67","9","MM","SGC-UN","Aceptable"
"Argelia","Antioquia","5.73","-75.16","159.4","7","EMS-98","SGC-UN","Insuficiente"
"Argelia","Antioquia","5.73","-75.16","159.4","8","MM","SGC-UN","Insuficiente"
"Armenia","Antioquia","6.17","-75.8","141.76","8","MM","CERESIS","Sin dato"
"Barbosa","Antioquia","6.44","-75.35","190.5","6","EMS-98","SGC-UN","Insuficiente"
"Barbosa","Antioquia","6.44","-75.35","190.5","7","MM","SGC-UN","Insuficiente"
"Betania","Antioquia","5.75","-76","98.73","8","EMS-98","SGC-UN","Aceptable"
"Betania","Antioquia","5.75","-76","98.73","8","MM","CERESIS","Sin dato"
"Betania","Antioquia","5.75","-76","98.73","8","MM","SGC-UN","Aceptable"
"Caldas","Antioquia","6.09","-75.63","144.94","6","EMS-98","SGC-UN","Insuficiente"
"Caldas","Antioquia","6.09","-75.63","144.94","7","MM","SGC-UN","Insuficiente"
"Caramanta","Antioquia","5.55","-75.65","109.14","6","EMS-98","SGC-UN","Aceptable"
"Caramanta","Antioquia","5.55","-75.65","109.14","7","MM","SGC-UN","Aceptable"
"Carolina del Principe","Antioquia","6.74","-75.29","219.7","7","EMS-98","SGC-UN","Aceptable"
"Carolina del Principe","Antioquia","6.74","-75.29","219.7","7","MM","SGC-UN","Aceptable"
"Ciudad Bolivar","Antioquia","5.86","-76.05","105.37","6","EMS-98","SGC-UN","Aceptable"
"Ciudad Bolivar","Antioquia","5.86","-76.05","105.37","7","MM","SGC-UN","Aceptable"
"Cocorna","Antioquia","6.06","-75.19","174.46","6","EMS-98","SGC-UN","Aceptable"
"Cocorna","Antioquia","6.06","-75.19","174.46","7","MM","SGC-UN","Aceptable"
"Concordia","Antioquia","6.06","-75.91","127.44","7","EMS-98","SGC-UN","Buena"
"Concordia","Antioquia","6.06","-75.91","127.44","7","MM","SGC-UN","Buena"
"El Santuario","Antioquia","6.14","-75.27","173.38","6","EMS-98","SGC-UN","Insuficiente"
"El Santuario","Antioquia","6.14","-75.27","173.38","7","MM","SGC-UN","Insuficiente"
"Entrerrios","Antioquia","6.58","-75.51","193.09","6","EMS-98","SGC-UN","Aceptable"
"Entrerrios","Antioquia","6.58","-75.51","193.09","7","MM","SGC-UN","Aceptable"
"Fredonia","Antioquia","5.93","-75.67","130.04","7","EMS-98","SGC-UN","Aceptable"
"Fredonia","Antioquia","5.93","-75.67","130.04","8","MM","SGC-UN","Aceptable"
"Frontino","Antioquia","6.78","-76.14","191.25","7","EMS-98","SGC-UN","Aceptable"
"Frontino","Antioquia","6.78","-76.14","191.25","7","MM","SGC-UN","Aceptable"
"Jardin","Antioquia","5.61","-75.84","98.61","6","EMS-98","SGC-UN","Aceptable"
"Jardin","Antioquia","5.61","-75.84","98.61","7","MM","SGC-UN","Aceptable"
"Jardin","Antioquia","5.61","-75.84","98.61","6","Escala MSK","James, Michael","Sin dato"
"Jerico","Antioquia","5.81","-75.77","115.04","7","EMS-98","SGC-UN","Aceptable"
"Jerico","Antioquia","5.81","-75.77","115.04","8","MM","SGC-UN","Aceptable"
"La Ceja","Antioquia","6.04","-75.42","155.17","7","EMS-98","SGC-UN","Aceptable"
"La Ceja","Antioquia","6.04","-75.42","155.17","8","MM","SGC-UN","Aceptable"
"La Pintada","Antioquia","5.74","-75.6","122.6","8","MM","CERESIS","Sin dato"
"Maceo","Antioquia","6.55","-74.79","240.03","5","EMS-98","SGC-UN","Aceptable"
"Maceo","Antioquia","6.55","-74.79","240.03","5","MM","SGC-UN","Aceptable"
"Marinilla","Antioquia","6.18","-75.34","170.98","6","EMS-98","SGC-UN","Aceptable"
"Marinilla","Antioquia","6.18","-75.34","170.98","7","MM","SGC-UN","Aceptable"
"Medellin","Antioquia","6.27","-75.58","162.2","6","EMS-98","SGC-UN","Buena"
"Medellin","Antioquia","6.27","-75.58","162.2","8","MM","CERESIS","Sin dato"
"Medellin","Antioquia","6.27","-75.58","162.2","6","MM","CERESIS","Sin dato"
"Medellin","Antioquia","6.27","-75.58","162.2","7","MM","CERESIS","Sin dato"
"Medellin","Antioquia","6.27","-75.58","162.2","7","MM","SGC-UN","Buena"
"Medellin","Antioquia","6.27","-75.58","162.2","7","MM","Sarria Molina, Alberto","Sin dato"
"Mesopotamia","Antioquia","5.88","-75.32","153.3","7","EMS-98","SGC-UN","Buena"
"Mesopotamia","Antioquia","5.88","-75.32","153.3","7","MM","SGC-UN","Buena"
"Narino","Antioquia","5.61","-75.19","152.17","8","EMS-98","SGC-UN","Buena"
"Narino","Antioquia","5.61","-75.19","152.17","8","MM","SGC-UN","Buena"
"Palermo","Antioquia","5.73","-75.69","115.19","7","EMS-98","SGC-UN","Aceptable"
"Palermo","Antioquia","5.73","-75.69","115.19","7","MM","SGC-UN","Aceptable"
"Pantanillo","Antioquia","5.75","-75.5","130.93","8","EMS-98","SGC-UN","Buena"
"Pantanillo","Antioquia","5.75","-75.5","130.93","9","MM","SGC-UN","Buena"
"Penol","Antioquia","6.23","-75.26","180.5","6","EMS-98","SGC-UN","Aceptable"
"Penol","Antioquia","6.23","-75.26","180.5","7","MM","SGC-UN","Aceptable"
"Pueblorrico","Antioquia","5.81","-75.82","112.27","8","EMS-98","SGC-UN","Buena"
"Pueblorrico","Antioquia","5.81","-75.82","112.27","9","MM","SGC-UN","Buena"
"Retiro","Antioquia","6.06","-75.51","149.89","7","EMS-98","SGC-UN","Aceptable"
"Retiro","Antioquia","6.06","-75.51","149.89","7","MM","SGC-UN","Aceptable"
"Rionegro","Antioquia","6.15","-75.37","166.59","7","EMS-98","SGC-UN","Aceptable"
"Rionegro","Antioquia","6.15","-75.37","166.59","7","MM","SGC-UN","Aceptable"
"Salgar","Antioquia","5.96","-75.96","116.9","6","EMS-98","SGC-UN","Buena"
"Salgar","Antioquia","5.96","-75.96","116.9","7","MM","SGC-UN","Buena"
"San Jose","Antioquia","5.74","-75.87","104.37","8","EMS-98","","Buena"
"San Jose","Antioquia","5.74","-75.87","104.37","8","MM","","Buena"
"San Luis","Antioquia","6.05","-74.99","190.54","8","EMS-98","SGC-UN","Insuficiente"
"San Luis","Antioquia","6.05","-74.99","190.54","8","MM","SGC-UN","Insuficiente"
"San Vicente","Antioquia","6.28","-75.34","178.45","7","EMS-98","SGC-UN","Aceptable"
"San Vicente","Antioquia","6.28","-75.34","178.45","8","MM","SGC-UN","Aceptable"
"Santa Barbara","Antioquia","5.87","-75.57","132.71","8","EMS-98","SGC-UN","Aceptable"
"Santa Barbara","Antioquia","5.87","-75.57","132.71","8","MM","SGC-UN","Aceptable"
"Santa Barbara","Antioquia","5.87","-75.57","132.71","8","MM","CERESIS","Sin dato"
"Santa Fe de Antioquia","Antioquia","6.55","-75.85","174.92","5","EMS-98","SGC-UN","Buena"
"Santa Fe de Antioquia","Antioquia","6.55","-75.85","174.92","5","MM","SGC-UN","Buena"
"Santo Domingo","Antioquia","6.47","-75.18","204.41","7","EMS-98","SGC-UN","Insuficiente"
"Santo Domingo","Antioquia","6.47","-75.18","204.41","7","MM","SGC-UN","Insuficiente"
"Sonson","Antioquia","5.72","-75.32","144.55","8","EMS-98","SGC-UN","Buena"
"Sonson","Antioquia","5.72","-75.32","144.55","8","MM","CERESIS","Sin dato"
"Sonson","Antioquia","5.72","-75.32","144.55","9","MM","SGC-UN","Buena"
"Sonson","Antioquia","5.72","-75.32","144.55","7","MM","CERESIS","Sin dato"
"Tamesis","Antioquia","5.67","-75.73","109.31","7","EMS-98","SGC-UN","Insuficiente"
"Tamesis","Antioquia","5.67","-75.73","109.31","8","MM","SGC-UN","Insuficiente"
"Urrao","Antioquia","6.33","-76.15","145.49","8","EMS-98","SGC-UN","Aceptable"
"Urrao","Antioquia","6.33","-76.15","145.49","8","MM","SGC-UN","Aceptable"
"Valparaiso","Antioquia","5.62","-75.63","114.26","8","EMS-98","SGC-UN","Aceptable"
"Valparaiso","Antioquia","5.62","-75.63","114.26","9","MM","SGC-UN","Aceptable"
"Medellin","Antioquia","6.27","-75.58","143.04","5","EMS-98","SGC-UN","Buena"
"Medellin","Antioquia","6.27","-75.58","143.04","5","MM","SGC-UN","Buena"
"Medellin","Antioquia","6.27","-75.58","335.09","2","EMS-98","","Buena"
"Medellin","Antioquia","6.27","-75.58","335.09","2","MM","","Buena"
